Year,Value
2000,51.56181017827104
2001,54.0636628998627
2002,56.332164369304955
2003,58.47051950067705
2004,59.91360461944435
2005,61.392262532259934
2006,62.7270843139167
2007,65.61160712399686
2008,68.10704292608177
2009,70.91592566812551
2010,72.37803723550994
2011,75.9316031220662
2012,79.3464963112018
2013,81.43887717129057
2014,83.51188334984796
2015,85.64161469782641
2016,88.13612090017324
2017,91.28634320722117
2018,94.294990507918
2019,97.00473378839447
2020,100.72540727926845
