PurchaseCategory,AvgSpent
High,2149.0333333333333
Low,286.7
Medium,1074.3394736842106
