PurchaseCategory,Satisfaction,CustomerCount
Low,1.0,11316
Low,1.5,8
Low,2.0,3125
Low,2.5,34
Low,3.0,8136
Low,3.333333333333333,1
Low,3.5,25
Low,4.0,19018
Low,4.333333333333333,1
Low,4.5,54
Low,5.0,56955
