Satisfaction,AvgSpent
1.0,195.79416136443973
1.5,204.70375
2.0,172.9628576
2.5,132.05323529411766
3.0,151.64758480825958
3.333333333333333,42.11
3.5,143.6456
4.0,154.86871858239562
4.333333333333333,42.77
4.5,121.88981481481481
5.0,156.3955154069002
