Satisfaction,AvgSpent
1,1298.1588785046729
2,1485.6966292134832
3,1508.970297029703
4,1161.5851063829787
5,1572.5294117647059
6,1311.6046511627908
7,1474.3636363636363
8,1343.4019607843138
9,1342.3333333333333
10,1191.0094339622642
